{"cameraMode":{"drawMode":0,"name":"Shaded","section":"Shading Mode"},"sceneLighting":false,"audioPlay":false,"sceneViewState":{"showFog":true,"showMaterialUpdate":false,"showSkybox":false,"showFlares":true,"showImageEffects":true,"showParticleSystems":true},"in2DMode":false,"pivot":{"x":-1.247889518737793,"y":3.929394483566284,"z":4.991100311279297},"rotation":{"x":-0.10955870896577835,"y":0.6298526525497437,"z":-0.09036646038293839,"w":-0.763621985912323},"size":8.903718948364258,"orthographic":true}