{"cameraMode":{"drawMode":0,"name":"Shaded","section":"Shading Mode"},"sceneLighting":false,"audioPlay":false,"sceneViewState":{"showFog":true,"showMaterialUpdate":false,"showSkybox":false,"showFlares":true,"showImageEffects":true,"showParticleSystems":true},"in2DMode":false,"pivot":{"x":0.0,"y":0.037925779819488528,"z":-6.858001232147217},"rotation":{"x":-0.1583234667778015,"y":0.6732257008552551,"z":-0.15090547502040864,"w":-0.7063695788383484},"size":7.141879081726074,"orthographic":true}